 , ,Histogram,Histogram,Histogram,
 , ,mean,variance,skewness,
100,CT_ap,16.1818,26.8179,-0.0932515,
100,CT_pvp,17.9285,27.3409,-0.261293,
101,CT_ap,17.9261,20.9042,-0.407115,
101,CT_pvp,18.5684,20.8746,-0.606118,
108,CT_ap,19.7538,19.821,-0.639093,
108,CT_pvp,19.3498,18.1507,-0.410211,
120,CT_ap,20.4936,26.517,-0.966214,
120,CT_pvp,23.8546,22.3744,-1.61293,
121,CT_ap,19.7031,26.7391,-0.434897,
121,CT_pvp,19.9195,27.6157,-0.557718,